{
    "Objects": [
        {
            "name": "StaticObj_Misc_SewerCover",
            "pos": [
                4570.81005859375,
                339.0619812011719,
                9600.9296875
            ],
            "ypr": [
                0.0,
                0.0,
                0.0
            ],
            "scale": 0.4999999403953552,
            "enableCEPersistency": 0
        },
        {
            "name": "AmmoBox_12gaSlug_10Rnd",
            "pos": [
                9848.181640625,
                194.15866088867188,
                10759.017578125
            ],
            "ypr": [
                0.0,
                0.0,
                -92.90660858154297
            ],
            "scale": 0.9999895095825195,
            "enableCEPersistency": 0,
            "customString": ""
        }
    ]
}
