{
    "Objects": [
        {
            "name": "StaticObj_Misc_SewerCover",
            "pos": [
                4570.81005859375,
                339.0619812011719,
                9600.9296875
            ],
            "ypr": [
                0.0,
                0.0,
                0.0
            ],
            "scale": 0.4999999403953552,
            "enableCEPersistency": 0
        },
        {
            "name": "AmmoBox_357_20Rnd",
            "pos": [
                9848.16015625,
                194.12384033203126,
                10758.9189453125
            ],
            "ypr": [
                0.0,
                0.0,
                -91.1219253540039
            ],
            "scale": 0.9999784231185913,
            "enableCEPersistency": 0,
            "customString": ""
        }
    ]
}
