{
    "Objects": [
        {
            "name": "StaticObj_Misc_SewerCover",
            "pos": [
                4570.81005859375,
                339.0619812011719,
                9600.9296875
            ],
            "ypr": [
                0.0,
                0.0,
                0.0
            ],
            "scale": 0.4999999403953552,
            "enableCEPersistency": 0
        },
        {
            "name": "AmmoBox_380_35rnd",
            "pos": [
                9848.1572265625,
                194.15765380859376,
                10758.994140625
            ],
            "ypr": [
                0.0,
                0.0,
                -93.24446868896485
            ],
            "scale": 0.9999812841415405,
            "enableCEPersistency": 0,
            "customString": ""
        }
    ]
}
