{
    "Objects": [
        {
            "name": "StaticObj_Misc_SewerCover",
            "pos": [
                4570.81005859375,
                339.0619812011719,
                9600.9296875
            ],
            "ypr": [
                0.0,
                0.0,
                0.0
            ],
            "scale": 0.4999999403953552,
            "enableCEPersistency": 0
        },
        {
            "name": "AmmoBox_45ACP_25rnd",
            "pos": [
                9848.2080078125,
                194.16554260253907,
                10758.90234375
            ],
            "ypr": [
                0.0,
                0.0,
                -91.91363525390625
            ],
            "scale": 0.9999903440475464,
            "enableCEPersistency": 0,
            "customString": ""
        }
    ]
}
