{
    "Objects": [
        {
            "name": "StaticObj_Misc_SewerCover",
            "pos": [
                4570.81005859375,
                339.0619812011719,
                9600.9296875
            ],
            "ypr": [
                0.0,
                0.0,
                0.0
            ],
            "scale": 0.4999999403953552,
            "enableCEPersistency": 0
        },
        {
            "name": "AmmoBox_556x45_20Rnd",
            "pos": [
                9848.1171875,
                194.10047912597657,
                10758.9189453125
            ],
            "ypr": [
                180.0,
                84.15691375732422,
                -180.0
            ],
            "scale": 0.9999940991401672,
            "enableCEPersistency": 0,
            "customString": ""
        }
    ]
}
