{
    "Objects": [
        {
            "name": "StaticObj_Misc_SewerCover",
            "pos": [
                4570.81005859375,
                339.0619812011719,
                9600.9296875
            ],
            "ypr": [
                0.0,
                0.0,
                0.0
            ],
            "scale": 0.4999999403953552,
            "enableCEPersistency": 0
        },
        {
            "name": "AmmoBox_762x54_20Rnd",
            "pos": [
                9848.0029296875,
                194.21875,
                10758.935546875
            ],
            "ypr": [
                0.0,
                0.0,
                90.0
            ],
            "scale": 0.9999807476997376,
            "enableCEPersistency": 0,
            "customString": ""
        }
    ]
}
