{
    "Objects": [
        {
            "name": "StaticObj_Misc_SewerCover",
            "pos": [
                4570.81005859375,
                339.0619812011719,
                9600.9296875
            ],
            "ypr": [
                0.0,
                0.0,
                0.0
            ],
            "scale": 0.4999999403953552,
            "enableCEPersistency": 0
        },
        {
            "name": "AmmoBox_9x39_20Rnd",
            "pos": [
                9848.1796875,
                194.14691162109376,
                10758.8330078125
            ],
            "ypr": [
                0.0,
                0.0,
                -93.54012298583985
            ],
            "scale": 0.9999842047691345,
            "enableCEPersistency": 0,
            "customString": ""
        }
    ]
}
