{
    "Objects": [
        {
            "name": "AmmoBox_9x39_20Rnd",
            "pos": [
                9848.1796875,
                194.14691162109376,
                10758.8330078125
            ],
            "ypr": [
                0.0,
                0.0,
                -93.54012298583985
            ],
            "scale": 0.9999842047691345,
            "enableCEPersistency": 0,
            "customString": ""
        }
    ]
}