{
    "Objects": [
        {
            "name": "StaticObj_Misc_SewerCover",
            "pos": [
                4570.81005859375,
                339.0619812011719,
                9600.9296875
            ],
            "ypr": [
                0.0,
                0.0,
                0.0
            ],
            "scale": 0.4999999403953552,
            "enableCEPersistency": 0
        },
        {
            "name": "AmmoBox_762x39_20Rnd",
            "pos": [
                9848.197265625,
                194.15354919433595,
                10758.9228515625
            ],
            "ypr": [
                0.0,
                0.0,
                -93.47589111328125
            ],
            "scale": 0.9999853372573853,
            "enableCEPersistency": 0,
            "customString": ""
        }
    ]
}