{
    "Objects": [
        {
            "name": "AmmoBox_545x39_20Rnd",
            "pos": [
                9848.169921875,
                194.15292358398438,
                10759.0087890625
            ],
            "ypr": [
                0.0,
                0.0,
                -92.49462890625
            ],
            "scale": 0.9999830722808838,
            "enableCEPersistency": 0,
            "customString": ""
        }
    ]
}