{
    "Objects": [
        {
            "name": "AmmoBox_556x45_20Rnd",
            "pos": [
                9848.1171875,
                194.10047912597657,
                10758.9189453125
            ],
            "ypr": [
                180.0,
                84.15691375732422,
                -180.0
            ],
            "scale": 0.9999940991401672,
            "enableCEPersistency": 0,
            "customString": ""
        }
    ]
}