{
    "Objects": [
        {
            "name": "StaticObj_Misc_SewerCover",
            "pos": [
                4570.81005859375,
                339.0619812011719,
                9600.9296875
            ],
            "ypr": [
                0.0,
                0.0,
                0.0
            ],
            "scale": 0.4999999403953552,
            "enableCEPersistency": 0
        },
        {
            "name": "AmmoBox_9x19_25rnd",
            "pos": [
                9848.2158203125,
                194.17747497558595,
                10758.9921875
            ],
            "ypr": [
                0.0,
                0.0,
                -93.02519989013672
            ],
            "scale": 0.9999821782112122,
            "enableCEPersistency": 0,
            "customString": ""
        }
    ]
}