{
    "Objects": [
        {
            "name": "AmmoBox_357_20Rnd",
            "pos": [
                9848.16015625,
                194.12384033203126,
                10758.9189453125
            ],
            "ypr": [
                0.0,
                0.0,
                -91.1219253540039
            ],
            "scale": 0.9999784231185913,
            "enableCEPersistency": 0,
            "customString": ""
        }
    ]
}