{
    "Objects": [
        {
            "name": "AmmoBox_308Win_20Rnd",
            "pos": [
                9848.02734375,
                194.1298828125,
                10758.912109375
            ],
            "ypr": [
                0.0,
                0.0,
                90.0
            ],
            "scale": 0.9999760389328003,
            "enableCEPersistency": 0,
            "customString": ""
        }
    ]
}