{
    "Objects": [
        {
            "name": "AmmoBox_9x19_25rnd",
            "pos": [
                9848.2158203125,
                194.17747497558595,
                10758.9921875
            ],
            "ypr": [
                0.0,
                0.0,
                -93.02519989013672
            ],
            "scale": 0.9999821782112122,
            "enableCEPersistency": 0,
            "customString": ""
        }
    ]
}