{
    "Objects": [
        {
            "name": "AmmoBox_762x39_20Rnd",
            "pos": [
                9848.197265625,
                194.15354919433595,
                10758.9228515625
            ],
            "ypr": [
                0.0,
                0.0,
                -93.47589111328125
            ],
            "scale": 0.9999853372573853,
            "enableCEPersistency": 0,
            "customString": ""
        }
    ]
}