{
    "Objects": [
        {
            "name": "AmmoBox_12gaSlug_10Rnd",
            "pos": [
                9848.181640625,
                194.15866088867188,
                10759.017578125
            ],
            "ypr": [
                0.0,
                0.0,
                -92.90660858154297
            ],
            "scale": 0.9999895095825195,
            "enableCEPersistency": 0,
            "customString": ""
        }
    ]
}