{
    "Objects": [
        {
            "name": "EasterEgg",
            "pos": [
                9848.4658203125,
                194.0858917236328,
                10758.7939453125
            ],
            "ypr": [
                0.0,
                -0.0,
                -0.0
            ],
            "scale": 0.9999998211860657,
            "enableCEPersistency": 0,
            "customString": ""
        }
    ]
}