{
    "Objects": [
        {
            "name": "AliceBag_Black",
            "pos": [
                9848.1298828125,
                194.03750610351563,
                10758.158203125
            ],
            "ypr": [
                0.0,
                -0.0,
                -0.0
            ],
            "scale": 0.9999998211860657,
            "enableCEPersistency": 0,
            "customString": ""
        }
    ]
}