{
    "Objects": [
        {
            "name": "StaticObj_Misc_SewerCover",
            "pos": [
                4570.81005859375,
                339.0619812011719,
                9600.9296875
            ],
            "ypr": [
                0.0,
                0.0,
                0.0
            ],
            "scale": 0.4999999403953552,
            "enableCEPersistency": 0
        },
        {
            "name": "AliceBag_Black",
            "pos": [
                9848.1298828125,
                194.03750610351563,
                10758.158203125
            ],
            "ypr": [
                0.0,
                -0.0,
                -0.0
            ],
            "scale": 0.9999998211860657,
            "enableCEPersistency": 0,
            "customString": ""
        }
    ]
}