{
    "Objects": [
        {
            "name": "AliceBag_Camo",
            "pos": [
                9848.1953125,
                194.02920532226563,
                10758.0439453125
            ],
            "ypr": [
                0.0,
                -0.0,
                -0.0
            ],
            "scale": 0.9999998211860657,
            "enableCEPersistency": 0,
            "customString": ""
        }
    ]
}