{
    "Objects": [
        {
            "name": "LargeTent",
            "pos": [
                9849.6357421875,
                194.17471313476563,
                10759.9423828125
            ],
            "ypr": [
                0.0,
                -0.0,
                -0.0
            ],
            "scale": 0.9999998211860657,
            "enableCEPersistency": 0,
            "customString": ""
        }
    ]
}