{
    "Objects": [
        {
            "name": "StaticObj_Misc_SewerCover",
            "pos": [
                4754.7880859375,
                339.0774841308594,
                10082.154296875
            ],
            "ypr": [
                0.0,
                0.0,
                0.0
            ],
            "scale": 0.30000001192092898,
            "enableCEPersistency": 0
        },
        {
            "name": "Mosin9130_Black",
            "pos": [
                4754.7001953125,
                339.4239807128906,
                10081.89453125
            ],
            "ypr": [
                0.0,
                -14.999968528747559,
                90.0
            ],
            "scale": 0.9999980926513672,
            "enableCEPersistency": 0
        },
        {
            "name": "PUScopeOptic",
            "pos": [
                4754.703125,
                339.62884521484377,
                10082.0625
            ],
            "ypr": [
                -90.0,
                0.0,
                90.0
            ],
            "scale": 0.9999991059303284,
            "enableCEPersistency": 0
        }
    ]
}