{
    "Objects": [
        {
            "name": "StaticObj_Misc_SewerCover",
            "pos": [
                4570.81005859375,
                339.0619812011719,
                9600.9296875
            ],
            "ypr": [
                0.0,
                0.0,
                0.0
            ],
            "scale": 0.4999999403953552,
            "enableCEPersistency": 0
        },
        {
            "name": "Battery9V",
            "pos": [
                9848.625,
                194.05885314941407,
                10758.42578125
            ],
            "ypr": [
                0.0,
                -0.0,
                -0.0
            ],
            "scale": 0.9999998211860657,
            "enableCEPersistency": 0,
            "customString": ""
        },
        {
            "name": "StarlightOptic",
            "pos": [
                9848.361328125,
                194.1015167236328,
                10758.64453125
            ],
            "ypr": [
                -159.90248107910157,
                0.5322717428207398,
                88.37825012207031
            ],
            "scale": 0.9999600648880005,
            "enableCEPersistency": 0,
            "customString": ""
        }
    ]
}