{
    "Objects": [
        {
            "name": "NVGHeadstrap",
            "pos": [
                9847.7216796875,
                194.06704711914063,
                10758.5673828125
            ],
            "ypr": [
                0.0,
                -0.0,
                -0.0
            ],
            "scale": 0.9999998211860657,
            "enableCEPersistency": 0,
            "customString": ""
        },
        {
            "name": "Battery9V",
            "pos": [
                9847.9990234375,
                194.0645294189453,
                10758.5244140625
            ],
            "ypr": [
                0.0,
                -0.0,
                -0.0
            ],
            "scale": 0.9999998211860657,
            "enableCEPersistency": 0,
            "customString": ""
        },
        {
            "name": "NVGoggles",
            "pos": [
                9848.2197265625,
                194.1862030029297,
                10758.65625
            ],
            "ypr": [
                0.0,
                -0.0,
                -0.0
            ],
            "scale": 0.9999998211860657,
            "enableCEPersistency": 0,
            "customString": ""
        }
    ]
}