{
    "Objects": [
        {
            "name": "StaticObj_Misc_SewerCover",
            "pos": [
                3697.860107421875,
                401.96099853515627,
                5985.3798828125
            ],
            "ypr": [
                0.0,
                0.0,
                -0.0
            ],
            "scale": 1.0,
            "enableCEPersistency": 0
        }
    ]
}